,影片標題,影片發布時間,平均觀看比例 (%),觀看次數,曝光次數,曝光點閱率 (%),平均觀看時間(s),發布月份,影片長度(m),影片時長,標題字數,影片類型,影片種類,獲得的訂閱人數,喜歡次數
0,【公職考試】2023/112一般警察特考報名中！要當警察到底要選警特、警大還是警專？警察體測修正大公開｜TKB購課網,2023-03-15,39.56,11919,148643,6.5,183.0,3,7.71,6~10分鐘,58,影片,工作/科系介紹,41,145
1,【高普考】考科刪減修正總整理！到底該不該考？2024/113高普考、地方特考重大變革｜公職考試｜TKB購課網,2023-09-14,24.27,8559,25322,5.37,107.0,9,7.35,6~10分鐘,54,影片,資訊分享,47,50
2,【英文】GEPT全民英檢介紹！初級、中級、中高級考試內容差在哪？高級計分方式是？｜TKB美語｜TKB購課網,2023-07-20,42.31,7536,51653,8.87,117.0,7,4.61,3~6分鐘,53,影片,資訊分享,42,42
3,【升學考試】112會考志願選填攻略｜上榜理想校系！｜落點分析｜TKB購課網,2023-06-22,13.11,6977,43395,6.03,210.0,6,26.7,25分鐘以上,37,影片,落點分析,13,10
4,【國營考試】中華電信好考嗎？中華電信vs.國營聯招考試差異，這樣考投報率最高！｜TKB購課網,2023-09-29,41.37,6031,46357,7.89,143.0,9,5.76,3~6分鐘,46,影片,工作/科系介紹,19,47
5,【升學考試】112學測落點分析直播精華｜學測落點｜申請入學｜TKB購課網,2023-03-02,24.56,5367,55773,6.87,281.0,3,19.07,15~25分鐘,36,影片,落點分析,31,34
6,【升學考試】財金所在學什麼？｜研究領域與未來出路｜研究所考試｜TKB購課網,2023-02-18,40.8,5254,51348,6.76,106.0,2,4.33,3~6分鐘,37,影片,工作/科系介紹,27,50
7,【國營考試】2023/112最新台灣中油招考介紹｜中油招考類組、考試科目、薪資福利｜TKB購課網,2023-02-10,41.35,4959,42779,7.38,105.0,2,4.23,3~6分鐘,48,影片,工作/科系介紹,23,21
8,【記帳士】在職媽媽分享記帳士上榜心得！考科如何準備？申論題這樣拿分！｜證照考試｜TKB購課網,2023-04-19,30.95,4589,36496,5.11,189.0,4,10.18,10~15分鐘,46,影片,學生心得,20,38
9,【記帳士】大學生知道記帳士證照是什麼嗎？起薪落在？！｜證照考試｜TKB購課網,2023-07-13,34.17,4251,42604,6.0,142.0,7,6.93,6~10分鐘,38,影片,工作/科系介紹,40,81
10,【銀行考試】土地銀行學姊工作心得分享！土銀業績壓力小？保齡球比賽獎品超優渥，禁止辦公室戀情？｜銀行招考｜TKB購課網,2023-08-28,35.5,3752,45495,4.71,221.0,8,10.38,10~15分鐘,58,影片,工作/科系介紹,12,61
11,【記帳士】2023年最新！記帳士考試不可不知的稅法修法講座｜講座精華｜TKB購課網,2023-03-20,22.7,3424,43696,4.73,365.0,3,26.8,25分鐘以上,41,影片,資訊分享,32,47
12,【公職考試】為什麼不報考調查局？一次搞懂調查局考試科目、工作內容、受訓地點！｜調查局特考｜TKB購課網,2023-07-31,44.44,3332,43673,5.3,139.0,7,5.21,3~6分鐘,51,影片,資訊分享,10,55
13,【銀行考試】考生上榜土地銀行一般行員！讀書計畫/銀行口試經驗分享｜銀行招考｜TKB購課網,2023-01-11,27.77,3208,41461,4.69,164.0,1,9.84,6~10分鐘,44,影片,學生心得,2,40
14,【國營聯招】國營聯招考試介紹！聯招和獨招差在哪？有哪些熱門類組？｜國營考試｜TKB購課網,2023-06-30,44.18,2809,27632,5.07,112.0,6,4.23,3~6分鐘,44,影片,工作/科系介紹,12,29
15,【轉學考】轉學考上榜台大化學心得分享！轉學考要怎麼規劃讀書時間？｜升學考試｜TKB購課網,2023-05-09,34.37,2527,31795,5.85,136.0,5,6.59,6~10分鐘,44,影片,學生心得,5,28
16,【日檢】JLPT/J.TEST有什麼不同？差異比較、優勢分析一次看｜日文檢定｜TKB購課網,2023-05-15,32.54,2346,20690,3.79,140.0,5,7.17,6~10分鐘,45,影片,資訊分享,16,37
17,【銀行考試】畢業即就業！合作金庫、彰化銀行、臺灣企銀 三榜正取！｜銀行招考｜TKB購課網,2023-09-28,24.14,2263,28049,4.22,179.0,9,12.36,10~15分鐘,44,影片,學生心得,10,57
18,【公職考試】有前科可以考警察嗎？警察考試最常被問的問題，TKB宮來解惑！｜警察特考｜TKB購課網,2023-05-18,20.08,1862,18461,2.54,107.0,5,8.88,6~10分鐘,48,影片,工作/科系介紹,9,39
19,【公職考試】考警察怎麼準備？四等消防警察準備心得分享｜警察特考｜TKB購課網,2023-03-06,36.6,1854,19678,2.78,90.0,3,4.1,3~6分鐘,38,影片,學生心得,2,8
20,【托福】托福改制寫作段落要求 | TOEFL iBT托福學術討論寫作架構 feat. Alex老師｜TKB美語｜TKB購課網,2023-05-29,19.59,1760,26876,3.18,261.0,5,22.21,15~25分鐘,62,影片,課程教學,21,31
21,【國營考試】2024中華電信終於招考了！缺額862名，10/16報名，12/16考試！｜TKB購課網,2023-10-13,51.09,1587,11590,6.19,30.0,10,0.98,1分鐘內,50,影片,資訊分享,3,13
22,【國營考試】2023/112年國營聯招｜考前重點解題 計算機概論 ft.張逸老師｜國家考試｜TKB購課網,2023-10-02,25.73,1584,19224,5.61,232.0,10,15.03,15~25分鐘,52,影片,考前重點,11,25
23,【記帳士】如何準備記帳士？ 會計學皓平老師準備心得分享｜TKB購課網,2023-03-01,34.54,1564,19092,3.47,120.0,3,5.79,3~6分鐘,34,影片,課程教學,27,43
24,【公職考試】2023/112年高普考試｜考前重點解題 電路學 ft.張鼎老師｜國家考試｜TKB購課網,2023-06-25,11.24,1463,21407,4.56,197.0,6,29.21,25分鐘以上,50,影片,考前重點,3,27
25,【銀行考試】C編祈福祝上榜｜即日起至7/20購買全修課抽御守｜#shorts,2023-06-17,335.58,1372,7874,6.2,130.0,6,0.65,1分鐘內,38,shorts,活動/開班資訊,54,87
26,【轉學考】轉學考、重考比較差異介紹！聯招的大學有哪個？｜升學考試｜TKB購課網,2023-08-15,45.4,1341,19477,4.33,105.0,8,3.85,3~6分鐘,39,影片,資訊分享,6,15
27,【記帳士】TKB記帳士會計學概要考前總複習  ft.林叡老師｜證照考試｜TKB購課網,2023-10-25,20.22,1316,15339,4.47,176.0,10,14.51,10~15分鐘,42,影片,考前重點,25,24
28,【轉學考】暑轉、寒轉時程表、準備衝刺一次就搞懂｜升學考試｜TKB購課網,2023-02-22,39.14,1312,14244,3.39,81.0,2,3.45,3~6分鐘,35,影片,資訊分享,3,15
29,【國營考試】2023/112台灣菸酒招考簡章公告啦！缺額568名，10/11報名，11/12考試｜TKB購課網,2023-10-02,54.92,1252,12253,6.72,28.0,10,0.85,1分鐘內,55,影片,資訊分享,6,7
30,【國營考試】哪個國營最好考？哪個國營招考最多？TKB宮來解惑，國營排行報你知！｜國營事業招考｜TKB購課網,2023-11-17,34.47,1251,15375,3.11,162.0,11,7.83,6~10分鐘,53,影片,資訊分享,5,24
31,【多益】英文文法｜多益常考Why don't you回答有哪些？｜TKB美語｜#shorts,2023-02-26,121.53,1243,36754,1.12,20.0,2,0.27,1分鐘內,46,shorts,課程教學,8,11
32,【技師考試】擁有技師證照在業界更吃香｜土木技師上榜心得｜證照考試｜TKB購課網,2023-11-22,33.96,1178,15911,5.02,162.0,11,7.95,6~10分鐘,39,影片,學生心得,2,9
33,【技師考試】擁有技師證照在業界更吃香｜土木技師上榜心得｜證照考試｜TKB購課網,2023-11-22,33.96,1178,15911,5.02,162.0,11,7.95,6~10分鐘,39,影片,學生心得,0,1
34,【銀行考試】中小企銀上榜學員來分享考科準備方法、面試如何回答！｜銀行招考｜TKB購課網,2023-07-12,22.84,1087,16852,3.1,116.0,7,8.46,6~10分鐘,43,影片,學生心得,1,18
35,【銀行考試】銀行公文簽考試精華！簽、涵的定義是什麼？ft.李華老師｜土地銀行｜TKB購課網,2023-09-06,37.05,1079,9786,3.46,54.0,9,2.43,1~3分鐘,45,影片,課程教學,0,24
36,【文化行政】台灣文化資產介紹！社區營造和地方創生差在哪？ft.洪澤老師｜公職考試｜TKB購課網,2023-06-19,33.01,1045,18330,3.73,171.0,6,8.63,6~10分鐘,47,影片,課程教學,6,28
37,【銀行考試】貨幣銀行學3月銀行模擬實戰解題精華 ft.王達昌老師｜銀行招考｜TKB購課網,2023-04-05,30.56,1037,21498,3.3,164.0,4,8.94,6~10分鐘,44,影片,課程教學,2,15
38,【銀行考試】讓韓裕老師來教你「毛利法」包你馬上會！ ft. 韓裕老師｜重點精華｜TKB購課網,2023-03-29,15.94,1036,19319,2.61,150.0,3,15.68,15~25分鐘,46,影片,課程教學,3,14
39,【升學考試】112國中會考國文重點整理總複習『語言基本功 - 成語』｜甄戰一點通｜TKB購課網,2023-04-03,11.2,1000,13178,2.15,98.0,4,14.58,10~15分鐘,47,影片,,9,12
40,【銀行考試】韓裕老師教你如何準備金融基測！金融基測考試重點是什麼！｜銀行招考｜TKB購課網,2023-05-03,30.8,1000,16471,3.28,108.0,5,5.84,3~6分鐘,45,影片,課程教學,7,20
41,【國營考試】2023/112年台電招考考前重點解題 會計學 ft.揚智老師，再抽最新題庫書｜台電考試｜TKB購課網,2023-05-03,21.78,987,14973,4.68,306.0,5,23.42,15~25分鐘,57,影片,考前重點,0,15
42,【國營考試】2023/112年中鋼招考簡章公告！06/01開始報名！預定錄取243個名額！｜TKB購課網,2023-06-02,57.05,960,11168,5.02,26.0,6,0.76,1分鐘內,52,影片,資訊分享,2,3
43,【銀行考試】讓韓裕老師教你「金融資產」必考觀念｜銀行會計學｜銀行招考｜TKB購課網,2023-05-31,26.76,906,16827,3.71,151.0,5,9.4,6~10分鐘,41,影片,課程教學,11,19
44,【銀行考試】讓韓裕老師來教你「無形資產」包你馬上會！ ft. 韓裕老師｜重點精華｜TKB購課網,2023-04-26,20.49,866,20158,2.78,214.0,4,17.41,15~25分鐘,47,影片,課程教學,4,23
45,【國營考試】2023/112年台電招考考前重點解題 電子學 ft.劉強老師，再抽最新題庫書｜台電考試｜TKB購課網,2023-05-02,14.06,846,13707,3.41,99.0,5,11.74,10~15分鐘,57,影片,考前重點,4,19
46,【銀行考試】讓韓裕老師來教你「壞帳提列」包你馬上會！ ft. 韓裕老師｜重點精華｜TKB購課網,2023-02-24,21.43,834,16947,3.23,152.0,2,11.82,10~15分鐘,47,影片,課程教學,10,17
47,【公職考試】國際經濟商務人員工作內容有哪些？薪水多少？好考嗎？｜外交特考｜TKB購課網,2023-09-05,47.71,833,12693,3.03,165.0,9,5.76,3~6分鐘,43,影片,工作/科系介紹,6,25
48,【公職考試】國際經濟商務人員工作內容有哪些？薪水多少？好考嗎？｜外交特考｜TKB購課網,2023-09-05,47.71,833,12693,3.03,165.0,9,5.76,3~6分鐘,43,影片,工作/科系介紹,0,12
49,【轉學考】學員分享如何轉考上榜中央經濟！跨系轉考該注意什麼？｜升學考試｜TKB購課網,2023-04-28,26.67,798,15229,3.47,130.0,4,8.12,6~10分鐘,42,影片,學生心得,1,8
50,【銀行考試】讓韓裕老師教你「庫藏股票」必考觀念｜銀行會計學｜銀行招考｜TKB購課網,2023-07-26,19.85,795,16895,3.04,251.0,7,21.07,15~25分鐘,41,影片,課程教學,4,16
51,【國營考試】2023/112年台電招考考前重點解題 法學知識 ft.廖國宏老師，再抽最新題庫書｜台電考試｜TKB購課網,2023-05-05,20.57,795,12067,2.28,72.0,5,5.83,3~6分鐘,59,影片,考前重點,10,16
52,【銀行考試】讓韓裕老師來教你「銀行調解表」包你馬上會！ ft. 韓裕老師｜重點精華｜TKB購課網,2023-01-25,25.05,791,20138,2.42,104.0,1,6.92,6~10分鐘,48,影片,課程教學,2,19
53,【國營考試】國營聯招台電儀電組榜首、雙榜中華電信上榜心得分享｜國營聯招｜TKB購課網,2023-10-19,30.12,776,13292,3.83,86.0,10,4.76,3~6分鐘,42,影片,學生心得,2,12
54,【升學考試】研究所電機系所介紹！電機所考科、出路分享！｜研究所升學筆記｜TKB購課網,2023-09-08,38.92,757,11576,4.09,107.0,9,4.58,3~6分鐘,42,影片,工作/科系介紹,1,12
55,【銀行考試】公股銀行模擬實戰試題解析 讓韓裕老師教你銀行會計學解題技巧｜講座精華｜TKB購課網,2023-05-10,17.72,753,16968,2.65,192.0,5,18.06,15~25分鐘,47,影片,課程教學,2,16
56,【銀行考試】臺灣銀行貨幣銀行學考試重點複習精華 ft.王達昌老師｜銀行招考｜TKB購課網,2023-08-31,32.38,743,10320,2.95,114.0,8,5.87,3~6分鐘,44,影片,考前重點,1,25
57,【升學考試】112國中會考國文重點整理總複習『閱讀題型 - 文文對讀題』｜甄戰一點通｜TKB購課網,2023-04-04,10.67,731,11483,1.64,108.0,4,16.87,15~25分鐘,49,影片,,8,1
58,【銀行考試】112年1月銀行模擬考 會計學解題精華 ft.揚智老師｜直播精華｜TKB購課網,2023-01-18,24.86,725,18696,2.54,222.0,1,14.88,10~15分鐘,45,影片,課程教學,2,13
59,【國營考試】2023/112年國營聯招｜考前重點解題 電路學 ft.張鼎老師｜國家考試｜TKB購課網,2023-10-03,14.9,721,13475,3.34,285.0,10,31.88,25分鐘以上,50,影片,考前重點,5,22
60,【升學考試】112國中會考數學重點整理總複習『相似形』｜甄戰一點通｜TKB購課網,2023-03-30,14.3,702,12066,2.41,217.0,3,25.29,25分鐘以上,40,影片,,7,10
61,【銀行考試】讓韓裕老師教你「公司會計現金股利、股票股利」｜銀行會計學｜銀行招考｜TKB購課網,2023-08-30,31.02,701,16291,2.76,380.0,8,20.42,15~25分鐘,46,影片,課程教學,5,29
62,【銀行考試】TKB銀行模擬實戰 會計學解題 feat. 揚智老師｜講座精華｜TKB購課網,2023-03-09,19.54,693,17865,2.7,281.0,3,23.97,15~25分鐘,44,影片,課程教學,2,7
63,【文化行政】2023本國文學概論出題方向與必考重點題型解析 ft.李華老師｜高普考｜TKB購課網,2023-05-22,16.79,690,10815,2.52,221.0,5,21.94,15~25分鐘,48,影片,課程教學,4,19
64,【公職考試】112一般警察特考招考簡章公告！開放高達1377名額｜TKB購課網｜#shorts,2023-03-06,53.56,679,15477,2.52,21.0,3,0.65,1分鐘內,47,shorts,資訊分享,0,7
65,【記帳士】TKB記帳士-稅法考前總複習講座精華  ft.何菲老師｜證照考試｜TKB購課網,2023-11-08,24.94,675,10438,4.22,198.0,11,13.23,10~15分鐘,44,影片,活動/開班資訊,1,4
66,【國營考試】112港務公司招考簡章公告！起薪最多高達51k！｜TKB購課網,2023-03-09,65.12,665,8410,5.89,24.0,3,0.61,1分鐘內,37,影片,資訊分享,1,1
67,【國營考試】千呼萬喚2023郵局招考了！缺額1021名，11/17報名，1月考試！｜TKB購課網,2023-10-23,51.98,659,9470,3.75,31.0,10,0.99,1分鐘內,48,影片,資訊分享,2,8
68,【國營考試】2023/112年台電招考考前重點解題 行政學 ft.謝望民老師，再抽最新題庫書｜台電考試｜TKB購課網,2023-05-04,18.87,657,13263,2.56,149.0,5,13.16,10~15分鐘,58,影片,考前重點,6,20
69,【國營聯招】國營考生必看 機械類高考和國營考試差異｜公職國營考試｜TKB購課網｜#shorts,2023-04-16,97.09,642,9726,1.78,47.0,4,0.81,1分鐘內,47,shorts,工作/科系介紹,2,5
70,【銀行考試】貨幣銀行學6月銀行模擬實戰解題精華 ft.王達昌老師｜銀行招考｜TKB購課網,2023-07-19,23.09,635,12703,2.5,239.0,7,17.25,15~25分鐘,44,影片,課程教學,1,11
71,【國營聯招】零基礎上資訊類公職 讀書方法大公開｜公職國營考試｜TKB購課網｜#shorts,2023-03-12,71.15,634,14328,1.99,39.0,3,0.91,1分鐘內,45,shorts,課程教學,0,4
72,【公職考試】2023/112年高普考試｜考前重點解題 流體力學、熱力學 ft.林禾老師｜國家考試｜TKB購課網,2023-06-29,14.86,633,13532,3.36,258.0,6,28.94,25分鐘以上,55,影片,考前重點,7,17
73,【銀行考試】秒懂華南銀行｜銀行招考｜華南銀行｜TKB購課網,2023-10-20,35.02,630,11058,2.53,90.0,10,4.28,3~6分鐘,29,影片,工作/科系介紹,2,15
74,【國營考試】112中油招考簡章公告！招考名額高達828人｜TKB購課網,2023-01-13,54.69,624,10689,4.03,27.0,1,0.82,1分鐘內,35,影片,資訊分享,3,2
75,【公職考試】一年考上四等書記官 讀書秘訣分享｜TKB購課網｜#shorts,2023-01-08,59.1,614,14427,2.32,33.0,1,0.93,1分鐘內,37,shorts,學生心得,1,2
76,【銀行考試】你知道新青安房貸是什麼嗎？實施對象、補貼優惠為何？｜TKB銀行大小事｜TKB購課網,2023-09-13,30.48,609,10687,2.94,77.0,9,4.21,3~6分鐘,47,影片,課程教學,11,29
77,【銀行招考】開工賀歲！上榜兔EASY！｜TKB購課網｜#shorts,2023-01-31,513.62,608,7518,3.3,71.0,1,0.23,1分鐘內,34,shorts,活動/開班資訊,18,38
78,【公職考試】申論題怎麼練習？考試緊張怎麼辦？書記官上榜學姊教你技巧｜TKB購課網｜#shorts,2023-01-15,67.29,606,13730,2.1,32.0,1,0.79,1分鐘內,48,shorts,學生心得,2,8
79,【文化行政】112文化行政與政策分析出題方向與必考試題重點解析 ft.洪澤老師｜高普考｜TKB購課網,2023-05-24,17.25,605,10323,2.67,321.0,5,31.01,25分鐘以上,50,影片,課程教學,5,16
80,【銀行考試】秒懂土地銀行 土地銀行有什麼特別的呢？招考有什麼限制？｜銀行招考｜土地銀行｜TKB購課網,2023-12-06,28.7,604,10703,2.68,79.0,12,4.59,3~6分鐘,50,影片,資訊分享,3,17
81,【國營考試】2023/112台灣菸酒招考開放報名啦！缺額568名，還不快來考！｜TKB購課網｜#shorts,2023-10-12,112.71,604,8584,3.39,59.0,10,0.87,1分鐘內,54,shorts,資訊分享,0,18
82,【多益】多益考試介紹！多益在考什麼？金證要多少分？新制和舊制差在哪？｜TKB美語｜TKB購課網,2023-06-21,43.34,602,9251,2.73,113.0,6,4.35,3~6分鐘,47,影片,課程教學,4,11
83,【銀行考試】土地銀行貨幣銀行學考試重點複習精華 ft.王達昌老師｜銀行招考｜TKB購課網,2023-09-04,39.52,596,9839,3.01,146.0,9,6.16,6~10分鐘,44,影片,考前重點,1,14
84,【公職考試】2023/112年高普考試｜考前重點解題 電子學 ft.劉強老師｜國家考試｜TKB購課網,2023-06-26,13.22,594,12342,3.35,132.0,6,16.64,15~25分鐘,50,影片,考前重點,3,10
85,【研究所】霸榜台政清、頂大、四中經濟所上榜心得！經研所報考動機、讀書方法分享｜升學考試｜TKB購課網,2023-10-26,20.67,579,11499,1.85,84.0,10,6.77,6~10分鐘,50,影片,學生心得,4,6
86,【技師證照】2023/112年技師考試｜考前重點解題 結構分析 ft.毛昭綱老師｜公職考試｜TKB購課網,2023-11-12,18.21,578,12809,3.1,165.0,11,15.1,15~25分鐘,52,影片,考前重點,2,11
87,【多益】英文單字｜Anthony老師帶你速解多益單字題！｜TKB美語｜#shorts,2023-03-26,82.78,565,18384,1.16,46.0,3,0.93,1分鐘內,42,shorts,課程教學,7,11
88,【國營考試】2023台糖招考簡章公告！缺額148名，11/23報名，1/27考試｜TKB購課網,2023-11-17,60.77,548,6412,5.82,30.0,11,0.82,1分鐘內,47,影片,資訊分享,0,6
89,【銀行考試】土銀上榜學員來分享自傳和面試準備技巧！｜學員心得｜TKB購課網｜#shorts,2023-07-08,68.0,539,8572,2.26,38.0,7,0.93,1分鐘內,45,shorts,學生心得,0,3
90,【銀行考試】2023/112年合作金庫招考300人！04/10開始報名 05/28考試！｜TKB購課網,2023-03-10,65.46,538,9270,3.31,24.0,3,0.61,1分鐘內,51,影片,資訊分享,0,1
91,【銀行考試】2023/112年台灣銀行招考185人！04/07開始報名 05/06考試！｜TKB購課網,2023-03-13,67.3,538,9274,2.52,24.0,3,0.59,1分鐘內,51,影片,資訊分享,3,3
92,【公職考試】112高普考考試簡章公告，招考3719名額！113年高普考即將刪減考科？！｜TKB購課網,2023-03-14,68.08,532,9318,2.87,22.0,3,0.54,1分鐘內,50,影片,資訊分享,3,3
93,【多益】英文文法｜Anthony老師帶你1分鐘搞懂時間副詞！｜TKB美語｜#shorts,2023-04-30,77.69,520,10954,0.97,31.0,4,0.67,1分鐘內,44,shorts,課程教學,1,6
94,【公職考試】2023/112年高普考試｜考前重點解題 廢棄物處理 ft.何明老師｜國家考試｜TKB購課網,2023-06-28,8.54,519,16374,2.05,262.0,6,51.13,25分鐘以上,52,影片,考前重點,4,15
95,【多益】英文文法｜Anthony老師帶你1分鐘搞懂動詞時態在考什麼！｜TKB美語｜#shorts,2023-05-28,87.54,513,12839,1.57,31.0,5,0.59,1分鐘內,48,shorts,課程教學,1,8
96,【國營考試】2023/112年國營聯招｜考前重點解題 企業管理、管理學 ft.楊逍老師｜國家考試｜TKB購課網,2023-10-10,10.59,513,12589,2.57,291.0,10,45.8,25分鐘以上,55,影片,考前重點,2,7
97,【銀行考試】土地銀行會計學考試重點複習精華 ft.揚智老師｜銀行招考｜TKB購課網,2023-09-04,38.03,501,9560,2.42,108.0,9,4.73,3~6分鐘,41,影片,,1,10
98,【技師證照】2023/112年技師考試｜考前重點解題 電路學 ft.張鼎老師｜公職考試｜TKB購課網,2023-11-07,10.97,499,10689,3.09,253.0,11,38.44,25分鐘以上,50,影片,考前重點,0,8
99,【銀行考試】凱西老師｜單字？文法？閱讀？全面解析公股銀行考題｜TKB購課網,2023-03-15,46.92,496,11110,2.59,14.0,3,0.5,1分鐘內,37,影片,課程教學,0,3
100,【公職考試】112高普考簡章公告，招考3719名額！113年高普考即將刪減考科？！｜TKB購課網｜#shorts,2023-03-14,66.75,496,16115,1.72,23.0,3,0.57,1分鐘內,56,shorts,資訊分享,3,2
101,【國營考試】112中油招考簡章公告！招考名額高達828人｜TKB購課網｜#shorts,2023-01-13,63.48,493,11797,1.71,28.0,1,0.74,1分鐘內,43,shorts,資訊分享,0,9
102,【記帳士】TKB記帳士-會計修法講座精華  ft.曉寧老師｜證照考試｜TKB購課網,2023-10-30,22.3,490,8883,2.86,109.0,10,8.15,6~10分鐘,41,影片,課程教學,3,6
103,【轉學考】陽明交大機械工程系上榜學員分享要如何備考！台聯大和台綜大考試差異！｜升學考試｜TKB購課網,2023-09-07,24.55,490,8513,2.96,79.0,9,5.36,3~6分鐘,50,影片,學生心得,1,2
104,【記帳士】2023記帳士會計考試重點是？ 考試準備技巧有哪些？林叡老師考試Vlog ｜證照考試｜TKB購課網,2023-12-21,29.19,487,9952,3.5,114.0,12,6.51,6~10分鐘,54,影片,課程教學,3,18
105,【技師證照】2023/112年技師考試｜考前重點解題 電力系統 ft.曾誠老師｜公職考試｜TKB購課網,2023-11-09,6.07,482,10974,2.88,162.0,11,44.48,25分鐘以上,51,影片,考前重點,1,8
106,【公職考試】高考上榜學員分享鐵路特考準備方式！上班族如何轉公職！｜鐵路特考｜TKB購課網,2023-06-07,22.84,480,12013,2.59,138.0,6,10.07,10~15分鐘,44,影片,學生心得,1,4
107,【銀行考試】讓韓裕老師教你「應付公司債」必考觀念｜銀行會計學｜銀行招考｜TKB購課網,2023-06-28,17.93,475,14684,2.16,244.0,6,22.68,15~25分鐘,42,影片,課程教學,0,12
108,【公職考試】112國安局招考簡章公告！本次招考72名額｜TKB購課網,2023-03-08,48.22,472,10697,3.11,24.0,3,0.83,1分鐘內,34,影片,資訊分享,0,3
109,【公職考試】上榜學員分享為什麼想考公職，海巡、警察、消防哪個好？｜警察特考｜TKB購課網｜#shorts,2023-05-20,71.51,471,13625,1.97,32.0,5,0.75,1分鐘內,52,shorts,學生心得,0,8
110,【公職考試】消防特考上榜學長分享消防法規要怎麼準備！｜一般警察特考｜TKB購課網,2023-05-27,84.13,460,11780,1.89,26.0,5,0.52,1分鐘內,40,影片,學生心得,0,8
111,【技師證照】2023/112年技師考試｜考前重點解題 計算機概論 ft.張逸老師｜公職考試｜TKB購課網,2023-11-06,18.21,458,9139,3.72,161.0,11,14.74,10~15分鐘,52,影片,考前重點,1,5
112,【國營考試】2023/112年國營聯招｜考前重點解題 熱力學、流體力學 ft.林禾老師｜國家考試｜TKB購課網,2023-10-07,9.24,455,14664,2.13,279.0,10,50.32,25分鐘以上,55,影片,考前重點,1,7
113,【公職考試】2023/112年高普考試｜考前重點解題 行政法 ft.陳弘老師｜國家考試｜TKB購課網,2023-07-06,21.82,448,12076,2.18,128.0,7,9.78,6~10分鐘,50,影片,考前重點,2,14
114,【公職考試】2023/112年一般警察特考｜考前重點解題 法學知識 ft.廖國宏老師｜警察考試｜TKB購課網,2023-06-02,22.17,440,12361,2.49,93.0,6,6.99,6~10分鐘,54,影片,考前重點,4,8
115,【英文】ETS多益命題官教你如何準備雅思、GRE考試 ft. Amy老師｜師資介紹｜TKB購課網,2023-03-31,38.2,440,13469,1.72,199.0,3,8.68,6~10分鐘,48,影片,課程教學,0,3
116,【國營聯招】台電上榜心得 國營機械類科準備方法｜公職國營考試｜TKB購課網｜#shorts,2023-04-23,50.04,432,8904,1.39,29.0,4,0.97,1分鐘內,45,shorts,學生心得,0,3
117,【銀行考試】第一銀行貨幣銀行學複習精華！ft.王達昌老師｜銀行招考｜TKB購課網,2023-10-27,23.81,429,11069,2.57,104.0,10,7.28,6~10分鐘,40,影片,,0,11
118,【銀行考試】戰勝會計大作戰！韓裕老師帶你上岸｜課程介紹｜TKB購課網,2023-12-27,53.93,428,7899,3.1,38.0,12,1.17,1~3分鐘,34,影片,,1,26
119,【國營聯招】國營公職雙榜學員 分享高普考和國營考試差異｜TKB購課網｜#Shorts,2023-03-19,75.05,425,6369,1.46,40.0,3,0.89,1分鐘內,42,影片,學生心得,0,4
120,【銀行考試】花旗星展傻傻分不清-淺談銀行併購案｜TKB銀行大小事｜TKB購課網,2023-11-24,22.48,421,11879,1.81,65.0,11,4.82,3~6分鐘,39,影片,課程教學,3,14
121,【公職考試】2023/112年高普考試｜考前重點解題 空汙噪音 ft.何明老師｜國家考試｜TKB購課網,2023-06-27,10.3,418,13804,1.91,284.0,6,45.95,25分鐘以上,51,影片,考前重點,2,9
122,【公職考試】2023/112年高普考試｜考前重點解題 法學知識 ft.廖國宏老師｜國家考試｜TKB購課網,2023-07-05,27.71,415,12624,2.24,138.0,7,8.3,6~10分鐘,52,影片,考前重點,1,17
123,【技師證照】2023/112年技師考試｜考前重點解題 電子學 ft.劉強老師｜公職考試｜TKB購課網,2023-11-08,22.0,411,10123,2.99,146.0,11,11.06,10~15分鐘,50,影片,考前重點,2,5
124,【銀行考試】立即試聽銀行會計學 讓韓裕助你考取公股銀行｜銀行招考｜TKB購課網,2023-07-25,56.85,408,10791,1.93,18.0,7,0.53,1分鐘內,39,影片,活動/開班資訊,0,13
125,【銀行考試】銀行會計學好難？奕謙老師幫你一點就通｜銀行解題｜TKB購課網,2023-08-16,24.34,407,12156,1.93,122.0,8,8.35,6~10分鐘,36,影片,課程教學,1,6
126,【銀行考試】臺灣銀行會計學考試重點複習精華 ft.揚智老師｜銀行招考｜TKB購課網,2023-08-31,32.1,401,9020,2.53,95.0,8,4.93,3~6分鐘,41,影片,課程教學,0,6
127,【公職考試】毛神開講Part1｜土木系出路年薪百萬？ ft.毛昭綱老師｜國家考試｜TKB購課網,2023-10-07,85.58,400,6751,2.93,40.0,10,0.78,1分鐘內,47,影片,工作/科系介紹,0,6
128,【記帳士】TKB林叡老師的記帳士會計學概要上線啦！8/15正式開課！｜TKB購課網｜#會計學概要 #記帳士,2023-08-15,57.87,400,14483,1.51,15.0,8,0.43,1分鐘內,53,影片,活動/開班資訊,0,1
129,【國營考試】2023/112年國營聯招｜考前重點解題 電子學 ft.劉強老師｜國家考試｜TKB購課網,2023-10-04,17.76,399,9423,2.82,114.0,10,10.7,10~15分鐘,50,影片,考前重點,2,6
130,【英文】雅思口說高分技巧 | 雅思口說題型、評分標準 ft. Amy老師｜師資介紹｜TKB購課網,2023-04-10,42.41,399,13561,1.37,180.0,4,7.07,6~10分鐘,48,影片,課程教學,1,2
131,【銀行考試】第一銀行會計複習精華！ft.揚智老師｜銀行招考｜TKB購課網,2023-10-27,21.94,398,8657,2.1,79.0,10,6.0,3~6分鐘,36,影片,,2,4
132,【升學考試】如何考上台大環工所！研究所備考方法分享！｜學員心得｜TKB購課網,2023-08-10,32.12,396,13487,1.68,104.0,8,5.4,3~6分鐘,38,影片,學生心得,1,5
133,【高普考】近10年政治學申論題命題趨勢解析ft.謝望民老師｜公職考試｜TKB購課網,2023-09-12,19.85,385,8263,2.29,189.0,9,15.87,15~25分鐘,41,影片,課程教學,2,8
134,【公職考試】2023/112年高普考試｜考前重點解題 會計學 ft.揚智老師｜國家考試｜TKB購課網,2023-07-02,13.26,384,12949,1.92,227.0,7,28.53,25分鐘以上,50,影片,考前重點,0,2
135,【記帳士】TKB全新師資 - 林叡老師，基礎會計4/25開課！｜TKB購課網,2023-04-26,54.71,376,10991,2.14,14.0,4,0.43,1分鐘內,38,影片,活動/開班資訊,1,4
136,【國營考試】2024/113台電簡章公告，大招僱員1103名！1/2報名，5/12考試｜TKB購課網,2023-12-29,55.78,371,5912,3.77,25.0,12,0.75,1分鐘內,50,影片,資訊分享,2,3
137,【銀行考試】2023/112年台灣銀行二招簡章公告！開放237名額，8/18開始報名！｜TKB購課網,2023-07-20,54.69,370,11276,1.97,25.0,7,0.76,1分鐘內,50,影片,資訊分享,3,2
138,【國營考試】2023/112年國營聯招｜考前重點解題 經濟學 ft.郭晉老師｜國家考試｜TKB購課網,2023-10-11,13.04,369,12525,1.92,177.0,10,22.62,15~25分鐘,50,影片,考前重點,4,10
139,【日檢】考J.TEST你需要J.TEST攻略班，J.TEST題型一把罩 ft. Ellie老師｜日文檢定｜TKB購課網,2023-05-26,28.94,365,9338,2.39,68.0,5,3.92,3~6分鐘,59,影片,,2,8
140,【記帳士】2023/112年記帳士招考簡章公告！8/1開始報名，筆試時間11/18、19！｜TKB購課網｜#shorts,2023-07-22,51.21,361,7670,2.5,32.0,7,1.04,1~3分鐘,60,shorts,資訊分享,3,3
141,【記帳士】2023/112年記帳士招考簡章公告！8/1開始報名，筆試時間11/18、19！｜TKB購課網｜#shorts,2023-07-22,51.21,361,7670,2.5,32.0,7,1.04,1~3分鐘,60,shorts,資訊分享,0,4
142,【銀行考試】銀行會計學5月銀行模擬實戰解題精華 ft.揚智老師｜銀行招考｜TKB購課網,2023-06-14,16.37,360,12101,1.9,183.0,6,18.63,15~25分鐘,43,影片,課程教學,4,2
143,【轉學考】學員分享如何在半年轉考上榜中央大學！讀書計畫要如何安排？｜學員心得｜TKB購課網｜#shorts,2023-07-22,93.47,353,8135,1.78,39.0,7,0.7,1分鐘內,53,shorts,學生心得,0,3
144,【素養】國小國文閱讀題組 閱讀素養 中年級｜課文導讀｜TKB購課網,2023-08-08,19.08,351,7480,1.31,65.0,8,5.68,3~6分鐘,33,影片,課程教學,4,1
145,【銀行考試】112年土地銀行會計學、貨幣銀行學重點試題解析 ft.韓裕老師/王達昌老師｜銀行招考｜TKB購課網,2023-10-04,22.74,343,12864,1.52,95.0,10,6.96,6~10分鐘,55,影片,課程教學,0,9
146,【國營考試】2024/113港務公司招考簡章公告，缺額206名，12/14報名，2/3考試｜TKB購課網,2023-12-20,57.46,337,4713,5.28,28.0,12,0.81,1分鐘內,52,影片,資訊分享,1,7
147,【技師證照】2023/112年技師考試｜考前重點解題 水文學、流體力學 ft.林禾老師｜公職考試｜TKB購課網,2023-11-10,6.32,336,11170,2.44,157.0,11,41.4,25分鐘以上,55,影片,考前重點,3,7
148,【國營考試】2023/112年臺北自來水簡章公告！06/02開始報名！招考33個名額！｜TKB購課網,2023-06-05,46.59,336,7073,2.32,21.0,6,0.75,1分鐘內,50,影片,資訊分享,0,2
149,【銀行考試】台灣中小企業銀行會計學考試重點複習精華 ft.韓裕老師｜銀行招考｜TKB購課網,2023-09-18,24.49,329,9586,2.19,106.0,9,7.21,6~10分鐘,45,影片,,0,7
150,【國營考試】2024中華電信終於招考了！缺額862名，10/16報名，12/16考試！｜TKB購課網｜#shorts,2023-10-13,98.61,327,8997,1.62,48.0,10,0.81,1分鐘內,58,shorts,資訊分享,1,5
151,【銀行考試】公股銀行會計學模擬考解題精華 ft.韓裕老師｜講座精華｜TKB購課網,2023-09-20,15.28,326,10112,1.89,164.0,9,17.89,15~25分鐘,40,影片,課程教學,0,7
152,【文化行政】112文化資產概論與法規出題方向和必考試題重點解析 ft.洪澤老師｜高普考｜TKB購課網,2023-05-26,22.22,325,8203,1.46,139.0,5,10.43,10~15分鐘,50,影片,,0,7
153,【公職考試】文化行政新課上架：世界文化史 feat.丁永恩老師｜TKB購課網,2023-02-17,56.95,322,7636,2.92,16.0,2,0.47,1分鐘內,38,影片,活動/開班資訊,0,1
154,【銀行考試】112年台灣銀行貨幣銀行學重點試題解析 ft.王達昌老師｜銀行招考｜TKB購課網,2023-10-11,24.53,319,8813,1.83,106.0,10,7.2,6~10分鐘,46,影片,課程教學,0,7
155,【國營考試】2023/112年桃園捷運考試二招開始報名！錄取69名，筆試時間8/12！｜TKB購課網,2023-07-21,48.15,317,6692,3.21,25.0,7,0.87,1分鐘內,50,影片,資訊分享,1,2
156,【公職考試】2023/112年高普考試｜考前重點解題 統計學 ft.林碩老師｜國家考試｜TKB購課網,2023-07-03,9.3,316,9673,1.65,163.0,7,29.21,25分鐘以上,50,影片,考前重點,2,3
157,【國營考試】112桃園捷運開始報名！開放招考79人｜TKB購課網｜#shorts,2023-01-05,46.93,309,10397,1.07,21.0,1,0.75,1分鐘內,40,shorts,資訊分享,1,6
158,【國營聯招】想寫程式轉職卻不順？這條路你可以試試｜公職國營考試｜TKB購課網｜#shorts,2023-03-11,48.8,308,5430,0.68,26.0,3,0.89,1分鐘內,46,shorts,資訊分享,0,4
159,【英文】托福雅思寫作技巧、萬用寫作論點｜ft. Anthony老師｜師資介紹｜TKB購課網,2023-03-03,22.11,302,10322,1.61,118.0,3,8.89,6~10分鐘,45,影片,課程教學,1,7
160,【公職考試】2023/112年高普考試｜考前重點解題 行政學 ft.謝望民老師｜國家考試｜TKB購課網,2023-07-04,17.0,297,9982,1.7,195.0,7,19.12,15~25分鐘,51,影片,考前重點,0,10
161,【國營考試】112桃園捷運開始報名！開放招考79人｜TKB購課網,2023-01-05,50.6,292,10495,2.02,25.0,1,0.82,1分鐘內,32,影片,資訊分享,1,0
162,【國營考試】112台北捷運開始報名！多達30類組共招考153人｜TKB購課網,2023-01-04,57.04,289,7919,2.49,22.0,1,0.64,1分鐘內,38,影片,資訊分享,1,1
163,【公職】2024/113關務特考簡章公告！缺額154名，12/26報名，113/4/20考試｜TKB購課網,2023-12-16,65.45,289,5314,3.76,24.0,12,0.61,1分鐘內,53,影片,資訊分享,0,2
164,【公職考試】文化行政新課上架：文化行政與文化政策分析 feat.洪澤老師｜TKB購課網,2023-03-31,57.71,286,7436,1.61,17.0,3,0.49,1分鐘內,43,影片,活動/開班資訊,0,2
165,系所簡介系列-電機所,2023-08-24,32.11,285,5937,2.88,88.0,8,4.57,3~6分鐘,10,影片,工作/科系介紹,2,7
166,【銀行考試】凱西老師｜彰化銀行英文考前衝刺-現在分詞｜TKB購課網｜#shorts,2023-04-09,88.13,285,8178,1.55,51.0,4,0.96,1分鐘內,41,shorts,課程教學,1,6
167,【銀行考試】2023/112年兆豐銀行招考報名開始！可採用FIT成績報名，05/13筆試！｜TKB購課網,2023-04-17,47.12,285,8905,1.98,25.0,4,0.88,1分鐘內,52,影片,資訊分享,3,3
168,【公職考試】112一般警察特考招考簡章公告！開放高達1377名額｜TKB購課網,2023-03-06,54.08,282,8289,2.15,23.0,3,0.71,1分鐘內,39,影片,資訊分享,0,1
169,【公職國營月】2024年後轉職加薪首選！購買公職國營全修課程抽7-11禮券｜TKB購課網｜#shorts,2023-12-30,61.02,279,3321,3.61,17.0,12,0.46,1分鐘內,52,shorts,活動/開班資訊,0,7
170,【銀行考試】華南銀行貨幣銀行學考試重點複習精華 ft.王達昌老師｜銀行招考｜TKB購課網,2023-09-11,23.44,279,8236,1.87,94.0,9,6.68,6~10分鐘,44,影片,考前重點,1,2
171,【銀行考試】TKB法科名師-陳弘老師 不用10小時讓你學會洗防法！｜TKB購課網,2023-02-10,42.32,278,8232,1.92,13.0,2,0.51,1分鐘內,40,影片,課程教學,0,3
172,【文化行政】2023/112年地方特考｜考前重點解題 本國文學概論 ft.李華老師｜公職考試｜TKB購課網,2023-11-13,8.95,277,8290,1.93,123.0,11,22.91,15~25分鐘,53,影片,考前重點,0,4
173,【銀行考試】華南銀行會計學考試重點複習精華 ft.韓裕老師｜銀行招考｜TKB購課網,2023-09-11,29.68,276,8804,1.68,75.0,9,4.21,3~6分鐘,41,影片,考前重點,0,4
174,【研究所】成大清大機械所上榜學員備考心得分享！找研究所教授的技巧有哪些？｜升學考試｜TKB購課網,2023-09-21,24.19,275,9902,1.43,78.0,9,5.37,3~6分鐘,48,影片,學生心得,0,1
175,【公職國營月】2024年後轉職加薪首選！購買公職國營全修課程抽7-11禮券｜TKB購課網,2023-12-30,67.81,275,6099,2.38,18.0,12,0.44,1分鐘內,44,影片,活動/開班資訊,0,10
176,【公職考試】高考上榜學員分享公職考試要如何準備！｜鐵路特考｜TKB購課網,2023-06-10,49.15,273,9100,0.98,29.0,6,0.98,1分鐘內,36,影片,學生心得,1,3
177,【銀行考試】2023/112年彰化銀行考試報名開始！採計FIT金融基測成績！招考140人！｜TKB購課網,2023-03-22,56.8,272,8120,1.96,21.0,3,0.62,1分鐘內,52,影片,資訊分享,1,3
178,【公職考試】2023/112年一般警察特考｜考前重點解題 警察法規概要 ft.廖國宏老師｜警察考試｜TKB購課網,2023-06-01,27.31,272,9183,1.83,85.0,6,5.19,3~6分鐘,56,影片,考前重點,1,0
179,【公職考試】2023/112年高普考試｜考前重點解題 經濟學 ft.郭晉老師｜國家考試｜TKB購課網,2023-07-01,15.53,270,10873,1.65,92.0,7,9.87,6~10分鐘,50,影片,考前重點,1,3
180,【國營考試】2023/112年台中捷運招考開始報名！正取86名，04/30考試！｜TKB購課網,2023-03-21,53.9,265,7916,2.64,22.0,3,0.68,1分鐘內,47,影片,資訊分享,3,0
181,【國營考試】考內勤、外勤一定要看，郵局考試總複習！郵政法規不再懵懵懂懂｜TKB購課網,2023-12-25,38.01,264,8692,2.01,34.0,12,1.49,1~3分鐘,42,影片,,0,7
182,【國營考試】112台北捷運開始報名！多達30類組共招考153人｜TKB購課網｜#shorts,2023-01-04,56.32,263,8840,1.26,23.0,1,0.68,1分鐘內,46,shorts,資訊分享,0,5
183,【公職考試】112鐵路招考簡章公告！今年最後一次招考687名額｜TKB購課網,2023-03-07,55.83,258,7491,2.07,25.0,3,0.75,1分鐘內,38,影片,資訊分享,0,0
184,【記帳士】免費報名2023記帳士考前總複習講座！補充考前備戰力！｜證照考試｜TKB購課網,2023-10-01,64.05,258,7287,1.39,19.0,10,0.49,1分鐘內,44,影片,活動/開班資訊,1,4
185,【銀行考試】2023/112年彰化銀行二招報名開始！04/29筆試，正取291名！｜TKB購課網,2023-04-12,48.01,258,10768,1.86,23.0,4,0.8,1分鐘內,48,影片,資訊分享,0,3
186,【公職考試】2023/112年外交特考簡章公告！5/23開始報名！招考40個名額！｜TKB購課網,2023-05-10,47.09,258,8067,2.32,26.0,5,0.92,1分鐘內,48,影片,資訊分享,3,0
187,【公職考試】2023/112年一般警察特考｜考前重點解題 消防與災害防救法規 ft.謝安老師｜警察考試｜TKB購課網,2023-05-30,20.24,257,9050,1.62,71.0,5,5.85,3~6分鐘,58,影片,考前重點,1,4
188,【銀行考試】2023/112年台灣銀行招考185人！04/07開始報名 05/06考試！｜TKB購課網｜#shorts,2023-03-13,97.97,256,7155,1.38,36.0,3,0.61,1分鐘內,59,shorts,資訊分享,1,5
189,【國營考試】2023/112年國營聯招｜考前重點解題 法學知識 ft.廖國宏老師｜國家考試｜TKB購課網,2023-10-12,23.75,255,10325,1.41,94.0,10,6.6,6~10分鐘,52,影片,考前重點,1,7
190,【國營考試】千呼萬喚2023郵局招考了！缺額1021名，11/17報名，1月考試！｜TKB購課網｜#shorts,2023-10-23,80.03,253,6990,1.82,39.0,10,0.81,1分鐘內,56,shorts,資訊分享,2,8
191,【國營考試】2023/112年國營聯招簡章公告！6/30開始報名！招考缺額1145人！｜TKB購課網,2023-06-21,55.1,252,5830,2.71,23.0,6,0.7,1分鐘內,50,影片,資訊分享,1,1
192,【文化行政】2023/112年地方特考｜考前重點解題 文化行政與政策分析 ft.洪澤老師｜公職考試｜TKB購課網,2023-11-27,8.03,249,10831,1.23,178.0,11,36.94,25分鐘以上,56,影片,考前重點,1,4
193,【銀行考試】台灣中小企業銀行貨幣銀行學考試重點複習精華 ft.王達昌老師｜銀行招考｜TKB購課網,2023-09-18,22.93,249,8191,1.75,87.0,9,6.32,6~10分鐘,48,影片,,1,5
194,【銀行考試】土銀上榜學員分享備考遇到哪些挫折？該如何解決！｜學員心得｜TKB購課網｜#shorts,2023-07-15,49.72,246,4257,1.41,28.0,7,0.94,1分鐘內,49,shorts,學生心得,0,0
195,【多益】英文文法｜Anthony老師帶你1分鐘學會「功能字解題法」！｜TKB美語｜#shorts,2023-06-25,89.31,244,6861,1.27,42.0,6,0.78,1分鐘內,48,shorts,課程教學,1,5
196,【TKB購課網】天燈季開始啦！祈願即贈線上測驗服務！,2023-02-04,40.52,244,9489,1.48,44.0,2,1.81,1~3分鐘,26,影片,活動/開班資訊,0,10
197,【國營考試】2023/112年國營聯招｜考前重點解題 會計學 ft.揚智老師｜國家考試｜TKB購課網,2023-10-09,10.72,242,10588,1.45,180.0,10,27.99,25分鐘以上,50,影片,考前重點,0,4
198,【銀行考試】債券市場供需原來這樣就搞懂了？ 貨幣銀行學 ft. 王達昌老師｜TKB購課網｜#shorts,2023-02-12,67.18,238,5996,1.55,37.0,2,0.92,1分鐘內,52,shorts,課程教學,0,4
199,【國營考試】2023台糖招考簡章公告！缺額148名，11/23報名，1/27考試｜TKB購課網｜#shorts,2023-11-17,66.47,237,4538,2.8,32.0,11,0.8,1分鐘內,55,shorts,資訊分享,2,1
200,【國營考試】2023/112年台中捷運招考開始報名！正取86名，04/30考試！｜TKB購課網｜#shorts,2023-03-21,56.87,233,8251,0.78,23.0,3,0.67,1分鐘內,55,shorts,資訊分享,1,3
201,【公職考試】2023/112年高普考試｜考前重點解題 水文學 ft.林禾老師｜國家考試｜TKB購課網,2023-06-30,9.09,232,8735,1.79,93.0,6,17.05,15~25分鐘,50,影片,考前重點,2,6
202,【技師】2023/112年技師招考簡章公告！8/1開始報名，開放招考25類科！｜TKB購課網,2023-07-23,49.54,231,9119,1.78,21.0,7,0.71,1分鐘內,46,影片,資訊分享,1,7
203,【國營考試】2023/112台灣菸酒招考簡章公告啦！缺額568名，10/11報名，11/12考試｜TKB購課網#shorts,2023-10-02,101.28,228,7019,2.04,42.0,10,0.69,1分鐘內,62,shorts,資訊分享,1,2
204,【國營考試】2023/112年中鋼招考簡章公告！06/01開始報名！預定錄取243個名額！｜TKB購課網｜#shorts,2023-06-02,76.29,224,6394,1.38,28.0,6,0.61,1分鐘內,60,shorts,資訊分享,0,4
205,【銀行考試】2023/112年兆豐銀行招考報名開始！可採用FIT成績報名，05/13筆試！｜TKB購課網｜#shorts,2023-04-17,107.21,224,7672,1.16,43.0,4,0.67,1分鐘內,60,shorts,資訊分享,1,6
206,【國營考試】2023/112年桃園捷運考試二招開始報名！錄取69名，筆試時間8/12！｜TKB購課網｜#shorts,2023-07-21,41.77,223,7295,1.34,17.0,7,0.68,1分鐘內,58,shorts,資訊分享,0,2
207,【國營考試】2023/112年國營聯招簡章公告！6/30開始報名！招考缺額1145人！｜TKB購課網｜#shorts,2023-06-21,60.76,222,8078,1.31,21.0,6,0.58,1分鐘內,58,shorts,資訊分享,1,4
208,【銀行考試】2023臺灣中小企業銀行簡章公告 02/13報名開跑 03/11筆試！｜TKB購課網,2023-02-17,48.59,217,6655,2.22,24.0,2,0.82,1分鐘內,48,影片,資訊分享,1,1
209,【銀行考試】2023/112年土地銀行二招開始報名！招考256名一般金融人員，9/9考試！｜TKB購課網｜#土地銀行,2023-08-16,48.15,217,6534,2.27,23.0,8,0.8,1分鐘內,58,影片,資訊分享,1,1
210,【公職考試】想考公職是因為不想爆肝加班！化學工程怎麼準備｜高普考上榜心得｜TKB購課網,2023-12-08,23.44,215,6061,1.91,91.0,12,6.47,6~10分鐘,43,影片,學生心得,2,3
211,【公職考試】國際經濟商務人員工作內容有哪些？薪水多少？好考嗎？｜外交特考｜TKB購課網,2023-09-02,29.39,212,7522,2.02,102.0,9,5.78,3~6分鐘,43,影片,工作/科系介紹,6,25
212,【公職考試】國際經濟商務人員工作內容有哪些？薪水多少？好考嗎？｜外交特考｜TKB購課網,2023-09-02,29.39,212,7522,2.02,102.0,9,5.78,3~6分鐘,43,影片,工作/科系介紹,0,12
213,【銀行考試】土銀上榜學員分享銀行考試各科準備要訣！｜學員心得｜TKB購課網｜#shorts,2023-07-01,56.17,210,5158,1.22,33.0,7,0.98,1分鐘內,45,shorts,學生心得,1,3
214,【記帳士】在職媽媽分享為什麼想考記帳士證照？在會計工作上提供了哪些幫助！｜學員心得｜TKB購課網｜#shorts,2023-08-07,89.14,208,7959,1.63,52.0,8,0.97,1分鐘內,56,shorts,學生心得,0,10
215,【銀行考試】2023/112年華南銀行考試報名開始！04/29筆試，招考308人！｜TKB購課網,2023-04-07,43.41,207,9348,1.34,23.0,4,0.88,1分鐘內,48,影片,資訊分享,0,5
216,【銀行考試】必看！合作金庫筆試面試準備秘訣！上榜學員心得分享！｜銀行招考｜TKB購課網#shorts,2023-09-30,64.2,207,4983,1.63,38.0,9,0.99,1分鐘內,50,shorts,學生心得,0,1
217,【銀行考試】快來看看！金融基測FIT跟銀行獨招考試差異在哪？｜銀行招考｜TKB購課網#shorts,2023-10-21,99.78,204,3825,2.25,57.0,10,0.95,1分鐘內,49,shorts,資訊分享,0,4
218,【素養】國小國文閱讀題組 閱讀素養 中年級｜書本介紹｜TKB購課網,2023-08-08,29.86,204,6437,1.06,48.0,8,2.68,1~3分鐘,33,影片,課程教學,2,2
219,【銀行考試】合作金庫上榜學員心得分享！非相關科系考公股銀行優、劣勢有哪些？｜銀行招考｜TKB購課網#shorts,2023-09-23,103.3,197,4629,1.58,61.0,9,0.98,1分鐘內,56,shorts,學生心得,0,2
220,【素養】高中國文素養題本 諸子百家｜書本介紹｜TKB購課網,2023-07-21,20.68,195,6833,1.08,31.0,7,2.5,1~3分鐘,29,影片,課程教學,0,4
221,【技師證照】2023/112年技師考試｜考前重點解題 熱力學 ft.林禾老師｜公職考試｜TKB購課網,2023-11-11,3.12,194,8766,1.44,80.0,11,42.74,25分鐘以上,50,影片,考前重點,0,7
222,【銀行考試】韓裕老師銀行會計學開課啦！40小時零基礎精通考試重點｜銀行課程｜TKB購課網｜#shorts #會計學 #公股銀行 #銀行考試,2023-08-19,175.6,193,6554,1.37,43.0,8,0.41,1分鐘內,69,shorts,,0,6
223,【銀行考試】金融基測FIT必看 利率期限結構的預期效果｜銀行招考｜TKB購課網｜#shorts,2023-02-19,71.2,192,6656,1.47,39.0,2,0.91,1分鐘內,47,shorts,課程教學,1,5
224,【銀行考試】備考五個月雙榜台銀合庫！短衝秘訣看過來！｜銀行招考｜TKB購課網 #shorts,2023-10-28,52.81,191,4289,1.82,31.0,10,0.98,1分鐘內,46,shorts,學生心得,1,6
225,【日文】想高效學習日文動詞嗎？最新日語文法課程，開課啦！｜日文學習｜TKB日文,2023-12-27,30.02,191,4841,1.57,55.0,12,3.05,3~6分鐘,39,影片,活動/開班資訊,0,10
226,【托福】托福聽力筆記技巧｜托福3大解題重點 feat.Brian老師｜TKB美語｜TKB購課網,2023-07-05,17.37,190,8246,0.75,264.0,7,25.33,25分鐘以上,47,影片,課程教學,2,1
227,【銀行考試】2023/112年合作金庫招考300人！04/10開始報名 05/28考試！｜TKB購課網｜#shorts,2023-03-10,59.29,190,5720,1.33,21.0,3,0.59,1分鐘內,59,shorts,資訊分享,0,5
228,【轉學考】台大經濟系上榜心得！不服輸，讓自己拚上頂大｜TKB購課網,2023-12-15,20.87,189,5755,1.53,80.0,12,6.39,6~10分鐘,33,影片,學生心得,1,3
229,【轉學考】陽明交大上榜心得來了！台綜大台聯大考試差異？｜升學考試｜TKB購課網｜ #shorts,2023-11-04,63.27,187,4163,1.71,29.0,11,0.76,1分鐘內,48,shorts,學生心得,0,1
230,【公職考試】2023/112年一般警察特考｜考前重點解題 普通物理概要 ft.林禾老師｜警察考試｜TKB購課網,2023-05-31,10.13,186,10267,1.06,187.0,5,30.77,25分鐘以上,55,影片,考前重點,0,4
231,【升學考試】學員曾經面臨退學危機！如今卻考上第一志願台大環工所！｜學員心得｜TKB購課網,2023-08-26,51.1,184,4095,1.42,29.0,8,0.95,1分鐘內,44,影片,學生心得,0,3
232,【記帳士】2023/112年記帳士招考簡章公告！8/1開始報名，筆試時間11/18、19！｜TKB購課網｜#shorts,2023-07-22,53.82,182,6781,1.18,27.0,7,0.84,1分鐘內,60,shorts,資訊分享,3,3
233,【記帳士】2023/112年記帳士招考簡章公告！8/1開始報名，筆試時間11/18、19！｜TKB購課網｜#shorts,2023-07-22,53.82,182,6781,1.18,27.0,7,0.84,1分鐘內,60,shorts,資訊分享,0,4
234,【銀行考試】2023/112年台灣中小企業銀行二招簡章公告！8/25開始報名，9/24考試！TKB購課網,2023-08-25,47.33,179,8397,1.45,22.0,8,0.77,1分鐘內,52,影片,資訊分享,0,5
235,【銀行考試】2023華南銀行四招！本次徵才錄取485名！!｜銀行招考｜華南招考｜TKB購課網,2023-12-08,53.18,178,5105,2.45,19.0,12,0.6,1分鐘內,46,影片,資訊分享,0,2
236,【銀行考試】2023/112年華南銀行考試報名開始！04/29筆試，招考308人！｜TKB購課網｜#shorts,2023-04-07,105.88,176,5700,0.95,44.0,4,0.69,1分鐘內,56,shorts,資訊分享,1,2
237,【銀行考試】土地銀行工作經驗分享｜銀行招考｜TKB購課網 #shorts,2023-12-02,79.74,174,3564,1.04,27.0,12,0.56,1分鐘內,36,shorts,工作/科系介紹,0,5
238,【公職考試】非法律系也可以考司法特考嗎？要如何準備？ft.廖國宏老師｜司法特考｜TKB購課網,2023-09-09,59.16,173,3753,1.41,31.0,9,0.87,1分鐘內,46,影片,課程教學,0,0
239,【銀行考試】凱西老師｜彰化銀行英文考前衝刺-假設語氣｜TKB購課網｜#shorts,2023-04-02,64.17,170,5143,0.95,32.0,4,0.83,1分鐘內,41,shorts,課程教學,0,3
240,【素養】高中國文素養題本 諸子百家｜課文導讀｜TKB購課網,2023-07-21,20.26,169,7156,1.24,61.0,7,5.02,3~6分鐘,29,影片,課程教學,1,0
241,【文化行政】台東鐵花村，原來街頭藝人發照也是文化行政的職務範疇？｜公職考試｜#shorts,2023-12-08,117.16,167,2522,1.98,26.0,12,0.37,1分鐘內,45,shorts,工作/科系介紹,0,6
242,【托福】許由老師教你托福口說拿高分技巧！｜TKB美語｜TKB購課網,2023-06-09,7.71,165,9958,0.89,97.0,6,20.97,15~25分鐘,33,影片,課程教學,0,2
243,【升學考試】研究所上榜學長分享讀書秘訣！想上台大環工就要這樣準備！｜學員心得｜TKB購課網,2023-09-02,114.57,162,5562,0.99,63.0,9,0.92,1分鐘內,45,shorts,學生心得,0,2
244,【國營考試】2024/113港務公司招考簡章公告，缺額206名，12/14報名，2/3考試｜TKB購課網｜#shorts,2023-12-20,93.84,159,2957,2.5,45.0,12,0.8,1分鐘內,60,shorts,資訊分享,0,2
245,【國營考試】2023/112年國營聯招｜考前重點解題 統計學 ft.林碩老師｜國家考試｜TKB購課網,2023-10-08,11.83,158,8108,1.15,39.0,10,5.49,3~6分鐘,50,影片,考前重點,0,1
246,【記帳士】記帳士考場Vlog   ft.林叡老師｜證照考試｜TKB購課網 #shorts,2023-12-13,132.61,155,3168,1.58,63.0,12,0.79,1分鐘內,44,shorts,資訊分享,0,8
247,【銀行考試】2023/112年華南銀行二招報名開始！開放140名額，07/29筆試！｜TKB購課網｜#shorts,2023-07-04,48.13,154,5080,0.87,18.0,7,0.62,1分鐘內,57,shorts,資訊分享,0,1
248,【國營考試】2024/113桃園捷運一招簡章公告，缺額33名，1/6考試｜TKB購課網,2023-12-21,47.98,151,5301,1.91,21.0,12,0.73,1分鐘內,43,影片,資訊分享,0,5
249,【日檢】J.TEST在考什麼？特A級講師解給你看！J.TEST高級(AC級) 閱讀＋記述問題｜日文檢定｜TKB購課網,2023-11-23,22.22,150,7719,1.05,47.0,11,3.53,3~6分鐘,58,影片,課程教學,1,5
250,【公職考試】司法特考和一般公職差在哪裡？司法特考優勢一次告訴你！ft.廖國宏老師｜司法特考｜TKB購課網,2023-09-16,146.78,148,3987,1.5,58.0,9,0.66,1分鐘內,52,shorts,課程教學,0,6
251,【記帳士】上榜學員分享身為在職媽媽是如何準備考科？讀書秘訣分享！｜學員心得｜TKB購課網｜#shorts #會計學 #商業會計法 #會計學概要 #記帳法規 #記帳相關法規 #租稅法規,2023-08-12,62.22,147,5774,1.04,36.0,8,0.96,1分鐘內,91,shorts,學生心得,0,4
252,【托福】許由老師教你托福聽力如何找關鍵字來解題！｜TKB美語｜TKB購課網,2023-06-08,10.81,146,10060,0.71,132.0,6,20.35,15~25分鐘,37,影片,課程教學,0,3
253,【公職考試】2023/112年外交特考簡章公告！5/23開始報名！招考40個名額！｜TKB購課網｜#shorts,2023-05-10,76.61,144,6307,0.92,33.0,5,0.72,1分鐘內,56,shorts,資訊分享,0,6
254,【國營考試】2023/112年國營聯招｜考前重點解題 環境管理與空污防制 ft.何明老師｜國家考試｜TKB購課網,2023-10-05,11.86,144,7211,0.93,115.0,10,16.16,15~25分鐘,56,影片,考前重點,1,2
255,【記帳士】個人報繳規定有哪些 讓何菲老師告訴你｜TKB購課網｜#shorts,2023-01-29,55.22,143,7228,0.71,31.0,1,0.94,1分鐘內,38,shorts,課程教學,0,3
256,【記帳士】TKB何菲老師記帳士總複習課程來囉！10/20正式開課｜證照考試｜TKB購課網,2023-10-09,57.03,143,6823,1.13,18.0,10,0.53,1分鐘內,44,影片,活動/開班資訊,0,2
257,【公職考試】112國安局招考簡章公告！本次招考72名額｜TKB購課網｜#shorts,2023-03-08,52.24,141,4872,1.01,25.0,3,0.8,1分鐘內,42,shorts,資訊分享,0,0
258,【技師考試】擁有技師證照在業界更吃香｜土木技師上榜心得｜證照考試｜TKB購課網,2023-12-30,84.7,141,2760,1.45,38.0,12,0.75,1分鐘內,39,影片,學生心得,2,9
259,【技師考試】擁有技師證照在業界更吃香｜土木技師上榜心得｜證照考試｜TKB購課網,2023-12-30,84.7,141,2760,1.45,38.0,12,0.75,1分鐘內,39,影片,學生心得,0,1
260,【國營考試】2023/112年臺北自來水簡章公告！06/02開始報名！招考33個名額！TKB購課網｜#shorts,2023-06-05,58.51,141,4163,1.13,21.0,6,0.6,1分鐘內,57,shorts,資訊分享,1,2
261,【托福】托福口說練習方式 | 托福口說高分技巧｜ feat.Brian老師｜TKB美語｜TKB購課網,2023-07-14,11.89,140,8563,0.9,150.0,7,21.03,15~25分鐘,50,影片,課程教學,2,3
262,【銀行考試】2023/112年華南銀行二招報名開始！開放140名額，07/29筆試！｜TKB購課網,2023-07-04,49.93,140,8015,1.2,23.0,7,0.77,1分鐘內,49,影片,資訊分享,0,0
263,【公職考試】學員分享如何運用雲端課程順利上榜高考鐵特！｜鐵路特考｜TKB購課網,2023-06-03,137.52,139,7157,0.64,60.0,6,0.73,1分鐘內,39,shorts,學生心得,0,1
264,【托福】托福聽力題型介紹 | 教你避開托福題目陷阱 feat.Jonathan老師｜TKB美語｜TKB購課網,2023-06-15,8.81,139,8073,0.88,114.0,6,21.57,15~25分鐘,54,影片,課程教學,1,4
265,【銀行考試】第11屆FIT金融基測報名開跑!!｜銀行招考｜金融基測｜TKB購課網,2023-12-09,64.81,137,5069,1.44,21.0,12,0.54,1分鐘內,40,影片,資訊分享,0,2
266,【銀行考試】2023/112年彰化銀行考試報名開始！採計FIT金融基測成績！招考140人！｜TKB購課網｜#shorts,2023-03-22,50.77,134,5621,0.71,18.0,3,0.59,1分鐘內,60,shorts,資訊分享,0,1
267,【日檢】J.TEST在考什麼？特A級講師解給你看！J.TEST FG、DE級題目解答｜日文檢定｜TKB購課網,2023-09-27,23.09,133,6140,1.29,39.0,9,2.82,1~3分鐘,54,影片,課程教學,0,2
268,【文化行政】2023/112年地方特考｜考前重點解題 文化資產概論與法規 ft.洪澤老師｜公職考試｜TKB購課網,2023-11-20,14.31,131,7496,1.16,139.0,11,16.19,15~25分鐘,56,影片,考前重點,1,1
269,【高普考】上榜學員分享私企和政府做統計的差別！考統計的優點有哪些？｜公職考試｜TKB購課網,2023-06-24,55.17,131,5077,0.77,24.0,6,0.73,1分鐘內,45,影片,學生心得,0,1
270,【技師】2023/112年技師招考簡章公告！8/1開始報名，開放招考25類科！｜TKB購課網｜#shorts,2023-07-23,183.03,131,4486,1.38,62.0,7,0.56,1分鐘內,54,shorts,資訊分享,2,3
271,【日檢】J.TEST在考什麼？特A級講師解給你看！J.TEST 初級(FG級) 聽解｜日文檢定｜TKB購課網,2023-12-07,27.28,129,5993,1.52,55.0,12,3.36,3~6分鐘,54,影片,課程教學,1,2
272,【托福】托福寫作高分動詞｜如何抓取托福文章重點字 feat. Anthony老師｜TKB美語｜TKB購課網,2023-06-16,5.94,128,7405,1.34,60.0,6,16.84,15~25分鐘,53,影片,課程教學,0,0
273,【銀行考試】2023/112年台灣銀行二招簡章公告！開放237名額，8/18開始報名！｜TKB購課網｜#shorts,2023-07-20,178.85,128,5307,0.75,66.0,7,0.62,1分鐘內,58,shorts,資訊分享,0,6
274,【公職考試】毛神開講Part2｜土木類國考怎麼準備？ ft.毛昭綱老師｜國家考試｜TKB購課網｜#shorts,2023-10-14,77.22,128,4671,0.86,46.0,10,0.99,1分鐘內,55,shorts,課程教學,0,1
275,【TKB購課網】加入TKB會員 5大好禮即刻擁有！｜#shorts,2023-02-05,82.84,125,6213,0.68,32.0,2,0.64,1分鐘內,33,shorts,活動/開班資訊,0,3
276,【研究所】成大清大上榜學長分享工數秘訣！每天練題目，不要只背公式｜升學考試｜TKB購課網#shorts,2023-11-11,94.99,125,3064,0.88,37.0,11,0.65,1分鐘內,51,shorts,學生心得,0,3
277,【TKB購課網】紅包兔𝐔！過年購課即享千元紅包折扣！｜#shorts,2023-01-19,151.34,123,4648,0.56,34.0,1,0.37,1分鐘內,34,shorts,活動/開班資訊,1,2
278,【國營考試】2023/112年國營聯招｜考前重點解題 廢棄物處理 ft.何明老師｜國家考試｜TKB購課網,2023-10-06,14.9,123,7523,1.21,105.0,10,11.74,10~15分鐘,52,影片,考前重點,1,1
279,【銀行考試】2023/112年土地銀行二招開始報名！招考256名一般金融人員，9/9考試！｜TKB購課網｜#shorts #土地銀行,2023-08-16,45.89,120,4661,0.88,16.0,8,0.58,1分鐘內,66,shorts,資訊分享,1,2
280,【記帳士】房地合一2.0上路 課稅範圍有哪些改變｜TKB購課網｜#shorts,2023-01-22,77.5,120,6438,0.64,44.0,1,0.95,1分鐘內,39,shorts,課程教學,0,4
281,【文化行政】本國文學概論｜李華老師帶你認識北宋蘇軾明月詩詞的多樣風貌！｜公職考試｜#shorts,2023-05-13,37.07,119,4093,0.68,20.0,5,0.9,1分鐘內,48,shorts,課程教學,1,1
282,【托福】托福閱讀筆記方式｜托福閱讀關鍵字怎麼找 feat.Leo老師｜TKB美語｜TKB購課網,2023-06-23,11.74,118,8450,0.8,111.0,6,15.76,15~25分鐘,47,影片,課程教學,0,3
283,【素養】高中自然素養題本 探究物理｜課文導讀｜TKB購課網,2023-08-17,16.69,118,7192,0.97,42.0,8,4.19,3~6分鐘,29,影片,課程教學,1,2
284,【轉學考】數位學堂與實體面授的好處在哪？牧翰經濟學獨家教學方式分享！｜學員心得｜TKB購課網｜#shorts,2023-07-29,63.98,116,4539,1.01,33.0,7,0.86,1分鐘內,54,shorts,課程教學,0,0
285,【托福】托福寫作四大重點句型寫法 feat.Leo老師｜TKB美語｜TKB購課網,2023-06-29,8.49,114,7755,0.86,81.0,6,15.9,15~25分鐘,40,影片,課程教學,0,3
286,【銀行考試】2023臺灣中小企業銀行簡章公告 02/13報名開跑 03/11筆試！｜TKB購課網｜#shorts,2023-02-17,32.68,109,4190,0.98,15.0,2,0.76,1分鐘內,56,shorts,資訊分享,1,3
287,【素養】高中數學素養題本 高一數學｜課文導讀｜TKB購課網,2023-11-06,19.62,108,6551,0.78,52.0,11,4.42,3~6分鐘,29,影片,課程教學,2,1
288,【公職考試】112鐵路招考簡章公告！今年最後一次招考687名額｜TKB購課網｜#shorts,2023-03-07,63.66,102,3779,1.01,25.0,3,0.65,1分鐘內,46,shorts,資訊分享,0,2
289,【TKB購課網】紅包兔𝐔！過年購課即享千元紅包折扣！,2023-01-19,48.86,102,8713,0.71,14.0,1,0.48,1分鐘內,26,影片,活動/開班資訊,0,1
290,【銀行考試】2023/112年彰化銀行二招報名開始！04/29筆試，正取291名！｜TKB購課網｜#shorts,2023-04-12,34.13,99,4326,0.95,16.0,4,0.78,1分鐘內,56,shorts,資訊分享,0,0
291,【素養】高中數學素養題本 高二數學｜課文導讀｜TKB購課網,2023-11-16,14.73,97,6280,0.91,55.0,11,6.22,6~10分鐘,29,影片,課程教學,0,2
292,【研究所】頂大學長分享機械工程考研動機，大學備考時間分配｜升學考試｜TKB購課網,2023-11-25,48.66,96,2565,0.9,19.0,11,0.65,1分鐘內,40,影片,學生心得,0,1
293,【素養】高中自然素養題本 探究物理｜書本介紹｜TKB購課網,2023-08-17,28.54,94,6636,0.8,38.0,8,2.22,1~3分鐘,29,影片,課程教學,0,1
294,【文化行政】本國文學概論｜李華老師帶你了解詠月詩詞背後的意義！｜公職考試｜#shorts,2023-05-06,47.66,94,3619,0.91,27.0,5,0.94,1分鐘內,44,shorts,課程教學,0,3
295,【托福】托福口說分數計算｜如何加強英文口說能力feat. Jonathan老師｜TKB美語｜TKB購課網,2023-06-22,8.51,90,7208,0.85,86.0,6,16.84,15~25分鐘,52,影片,課程教學,1,1
296,【素養】高中公民素養題本 生活公民｜課文導讀｜TKB購課網,2023-09-22,20.89,89,6318,0.82,45.0,9,3.59,3~6分鐘,29,影片,課程教學,0,0
297,【素養】高中數學素養題本 系列叢書｜書籍介紹｜TKB購課網,2023-10-18,15.06,88,6777,0.68,34.0,10,3.76,3~6分鐘,29,影片,課程教學,0,3
298,【銀行考試】2023華南銀行四招！本次徵才錄取485名！!｜銀行招考｜華南招考｜TKB購課網 #shorts,2023-12-08,54.15,87,2780,1.19,20.0,12,0.62,1分鐘內,54,shorts,資訊分享,0,2
299,【素養】高中數學素養題本 精進數學｜課文導讀｜TKB購課網,2023-11-23,10.56,85,5558,0.88,35.0,11,5.52,3~6分鐘,29,影片,課程教學,0,1
300,【銀行考試】2023/112年台灣中小企業銀行二招簡章公告！8/25開始報名，9/24考試！TKB購課網｜#shorts,2023-08-25,66.92,83,4478,0.78,25.0,8,0.62,1分鐘內,60,shorts,資訊分享,0,3
301,【國營考試】112港務公司招考簡章公告！起薪最多高達51k！｜TKB購課網｜#shorts,2023-03-09,68.88,83,4147,0.99,22.0,3,0.53,1分鐘內,45,shorts,資訊分享,0,1
302,【公職】2024/113關務特考簡章公告！缺額154名，12/26報名，113/4/20考試｜TKB購課網｜#shorts,2023-12-16,114.91,74,2663,1.2,42.0,12,0.61,1分鐘內,61,shorts,資訊分享,0,1
303,【素養】高中地理素養題本 環球地理｜課文導讀｜TKB購課網,2023-09-15,14.09,68,6602,0.47,41.0,9,4.85,3~6分鐘,29,影片,課程教學,0,1
304,【托福】托福108分上榜學員來分享如何備考？考場選擇也很重要？！｜TKB美語｜TKB購課網,2023-12-20,18.86,66,4787,0.94,70.0,12,6.19,6~10分鐘,45,影片,學生心得,0,2
305,【素養】高中公民素養題本 生活公民｜書籍介紹｜TKB購課網,2023-09-22,20.67,64,6574,0.56,36.0,9,2.9,1~3分鐘,29,影片,課程教學,0,1
306,【國營考試】2024/113桃園捷運一招簡章公告，缺額33名，1/6考試｜TKB購課網｜#shorts,2023-12-21,33.58,63,3248,0.65,15.0,12,0.74,1分鐘內,51,shorts,資訊分享,0,0
307,【素養】高中地理素養題本 環球地理｜書籍介紹｜TKB購課網,2023-09-15,20.06,63,5826,0.51,39.0,9,3.24,3~6分鐘,29,影片,課程教學,0,0
308,【銀行考試】第11屆FIT金融基測報名開跑!!｜銀行招考｜金融基測｜TKB購課網 #shorts,2023-12-09,357.63,54,2130,0.99,114.0,12,0.53,1分鐘內,48,shorts,資訊分享,0,3
